,als,alz,epilepsy,lewy,ms,p,stroke
als,NA,0.024894535,-0.00573656,0.030856984,-0.219787394,-0.004962327,0.05827887
alz,-0.004144742,NA,-0.003623469,0.730679208,0.003729237,-0.031844036,-0.021857846
epilepsy,1.817405386,-1.828648501,NA,6.394557331,,-0.343270041,0.499500091
lewy,0.008844145,0.934494784,0.002304603,NA,0.023487713,0.172509864,-0.002713325
ms,0.005046582,-0.023196221,-0.00057728,-0.000218695,NA,-0.006330822,-0.002666783
p,0.114638697,0.027209577,0.001134047,0.367525579,-0.060735863,NA,0.027120194
stroke,-0.067348514,0.063384423,0.003858214,-0.036944461,-0.312263858,0.014371847,NA